-- Creazione DB
CREATE DATABASE ToysGroups;
USE ToysGroups;

-- Creazione tabelle
CREATE TABLE DimProducts (
	ProductID CHAR(7) PRIMARY KEY NOT NULL,
    Name VARCHAR(25),
    CategoryName VARCHAR(25),
    Productor VARCHAR(50),
    ProductionCost DECIMAL(10,2),
    Price DECIMAL(10,2),
    StartingAgeOfUse TINYINT,
    Description VARCHAR(400),
    QuantityInStock SMALLINT
);
    
CREATE TABLE DimRegions (
	RegionID SMALLINT AUTO_INCREMENT PRIMARY KEY NOT NULL,
	City VARCHAR(25),
	RegionOrState VARCHAR(25),
	Country VARCHAR(25),
	Currency VARCHAR(25)
);

CREATE TABLE FactSales (
	SaleID SMALLINT AUTO_INCREMENT PRIMARY KEY NOT NULL,
	OrderDate DATE,
	ShipDate DATE,
	OrderQuantity TINYINT,
	ProductID CHAR(7) NOT NULL,
	RegionID SMALLINT NOT NULL,
    FOREIGN KEY (ProductID) REFERENCES DimProducts(ProductID),
	FOREIGN KEY (RegionID) REFERENCES DimRegions(RegionID)
);

-- Popolazione tabelle
INSERT INTO
	DimProducts (ProductID,Name,CategoryName,Productor,ProductionCost,
    Price,StartingAgeOfUse,Description,QuantityInStock)
    VALUES
		('ST101BR','BrownBear','StuffedAnimals','Trudy',10.00,12.99, 3,'Forest animals',50),
		('ST302WH','WhiteBear','StuffedAnimals','Trudy',10.00,12.99, 3,'Artic  animals',32),
		('ST303SN','SnowyOwl','StuffedAnimals','Trudy',10.00,12.99,3,'Artic  animals',59),
		('ST104BR','BrownOwl','StuffedAnimals','Trudy',10.00,12.99, 3,'Forest  animals',44),
		('ST105BL','BlackBear','StuffedAnimals','Trudy',10.00,12.99,3,'Forest  animals',6),
		('ST206WH','WhiteCat','StuffedAnimals','Trudy',15.00,18.99,3,'Domestic  animals',2),
		('ST207BL','BlackCat','StuffedAnimals','Trudy',15.00,18.99,3,'Domestic  animals',45),
		('ST208OR','OrangeCat','StuffedAnimals','Trudy',15.00,18.99, 3,'Domestic  animals',99),
		('ST209WH','WhiteBlackCat','StuffedAnimals','Trudy',15.00,18.99, 3,'Domestic animals',1),
		('ST210GR','GreyStripedCat','StuffedAnimals','Trudy',15.00,18.99, 3,'Domestic animals',16),
		('ST411IM','ImperialPenguin','StuffedAnimals','Trudy',50.00,67.99, 3,'Antartic animals',45),
		('ST412GR','GreyWhale','StuffedAnimals','Trudy',50.00,67.99,3,'Antartic animals',5),
		('ST313WA','Walrus','StuffedAnimals','Trudy',50.00,67.99,3,'Artic animals',33),
		('ST214HA','Hamster','StuffedAnimals','Trudy',15.00,18.99,3,'Domestic animals',40),
		('ST215FR','FrenchBulldog','StuffedAnimals','Trudy',8.00,10.99,3,'Domestic animals',34),
		('ST216LA','LabradorRetriever','StuffedAnimals','Trudy',8.00,10.99,3,'Domestic animals',4),
		('ST217GO','GoldenRetriever','StuffedAnimals','Trudy',8.00,10.99,3,'Domestic animals',80),
		('ST218GE','GermanShepherd','StuffedAnimals','Trudy',8.00,10.99, 3,'Domestic animals',76),
		('ST219PO','Poodle','StuffedAnimals','Trudy',8.00,10.99,3,'Domestic animals',54),
		('ST220BU','Bulldog','StuffedAnimals','Trudy',8.00,10.99,3,'Domestic animals',6),
		('ST221BE','Beagle','StuffedAnimals','Trudy',8.00,10.99,3,'Domestic animals',14),
		('ST522GI','Giraffe','StuffedAnimals','Trudy',20.00,23.99,3,'African Aanimals',12),
		('ST523ZE','Zebra','StuffedAnimals','Trudy',20.00,23.99,3,'African Aanimals',4),
		('ST524EL','Elephant','StuffedAnimals','Trudy',20.00,23.99,3,'African Aanimals',45),
		('ST525LI','Lion','StuffedAnimals','Trudy',20.00,23.99, 3,'African Aanimals',34),
		('ST526LE','Leopard','StuffedAnimals','Trudy',20.00,23.99, 3,'African Aanimals',133),
		('ST527CR','Crocodile','StuffedAnimals','Trudy',20.00,23.99, 3,'African Aanimals',5),
		('ST528SN','Snake','StuffedAnimals','Trudy',20.00,23.99,3,'African Aanimals' ,0),
		('ST901VE','Velociraptor','StuffedAnimals','Ikea',09.00,15.00,6,'' ,7),
		('ST902BR','Brontosaurus','StuffedAnimals','Ikea',09.00,15.00,6,'' ,7),
		('ST903TR','TRex','StuffedAnimals','Ikea',09.00,15.00,6,'' ,7),
		('MU001TR','Trumpet','MusucalInstruments','LasHerramientasLocas',19.00,25.50,8,'Brass',10),
		('MU002FL','Flute','MusucalInstruments','LasHerramientasLocas',09.00,12.50,8,'Woodwinds',52),
		('MU003CL','Clarinet','MusucalInstruments','LasHerramientasLocas',12.00,16.50,8,'Woodwinds',13),
		('MU004PI','Piano','MusucalInstruments','LasHerramientasLocas',110.00,180.50,8,'',2),
		('MU005GU','Guitar','MusucalInstruments','LasHerramientasLocas',10.00,15.50,8,'Strings',35),
		('MU006DR','Drum','MusucalInstruments','LasHerramientasLocas',8.00,12.50,8,'Percussion',60),
		('MU007XY','Xylphone','MusucalInstruments','LasHerramientasLocas',19.00,25.50,8,'',14),
		('VE201RE','RedCar','Vehicles','Burago',45.00,50.00,3,'just a Red car',50),
		('VE202BL','BlueCar','Vehicles','Burago',45.00,50.00,3,'just a Blue car',10),
		('VE203OR','OrangeCar','Vehicles','Burago',45.00,50.00,3,'',20),
		('VE204BL','BlackCar','Vehicles','Burago',45.00,50.00,4,'Black car to flight on the road',2),
		('VE205BO','Boat','Vehicles','Burago',15.00,25.00,5,'A beatiful boat',9),
        ('VE206MO','Motorcicle','Vehicles','Burago',10.00,20.00,6,'Motorcicle to ride away',13),
		('VE201TR','Truck','Vehicles','Burago',10.00,20.00,6,'Red trck',13),
		('VE213FE','FerrariF1-75','Vehicles','Burago',1200.00,1650.00,10,'F1 Ferrari car of 2022 driven by Charles Leclerc',13),
		('VE307EX','ExpressoTrain','Vehicles','TrainCenter',95.00,150.00,10,'just a fast train',10),
		('VE308ST','SteamTrain','Vehicles','TrainCenter',70.00,90.00,10,'',9),
		('VE309LI','LimaTrain','Vehicles','TrainCenter',145.00,190.00,10,'Touristic train for Lima,Perù',4),
		('VE310AM','Ambulance','Vehicles','FunnyVehicles',145.00,167.00,10,'British ambulance with real siren!!',5),
		('VE311FI','FireTruck','Vehicles','FunnyVehicles',145.00,167.00,10,'British fire truck with real siren!!',5),
		('VE314BU','PublicBus','Vehicles','FunnyVehicles',145.00,167.00,10,'British public bus',5),
		('DO601BA','BarbieDancer','Dolls','Mattel',20.00,60.00,6,'Barbie dancer',45),
		('DO602BA','BarbieDriver','Dolls','Mattel',20.00,70.00,6,'Barbie driver',51),
		('DO603BA','BarbieDoctor','Dolls','Mattel',20.00,60.00,6,'Barbie doctor',63),
		('DO604BA','BarbieDeveloper','Dolls','Mattel',20.00,60.00,6,'Barbie developer',76),
		('DO705BA','BambolaAltaModa','Dolls','GiochiPreziosi',125.00,150.00,8,'Dolls with Dolce And Gabbana dresses',10),
		('DO806BZ','BZdollRealistic','Dolls','WTFToys',50.00,65.00,6,'',0),
		('SP101FO','FootballBall','Sports','WTFToys',10.00,14.99,2,'Black and white football ball',50),
        ('SP102FO','FootballBall','Sports','WTFToys',10.00,14.99,2,'Black and blue football ball',22),
		('DO907CU','CuddleDoll','Dolls','WTFToys',4.00,15.00,6,'',5),
		('SP102TE','TennisBall','Sports','WTFToys',4.00,8.99,2,'',100),
		('SP103RU','RugbyBall','Sports','WTFToys',10.00,14.99,2,'',50),
		('SP104GO','GolfBall','Sports','WTFToys',4.00,8.99,2,'',100),
        ('SP205TE','TennisRacket','Sports','SportsPourLesEnfants',23.00,32.00,8,'',15),
        ('SP206HU','HulaHoop','Sports','SportsPourLesEnfants',3.00,8.00,5,'',42),
		('SP207SK','Skateboard','Sports','SportsPourLesEnfants',28.00,35.00,5,'',11),
		('SP208RO','RollerSkates','Sports','SportsPourLesEnfants',22.00,29.00,5,'',24),
		('SP209IC','IceSkates','Sports','SportsPourLesEnfants',22.00,29.00,5,'',0),
		('LO701MI','MillenniumFalcon','LogicGames','Lego',420.00,560.00,18,'Lego Star wars',42),
		('LO702DA','DarthVader','LogicGames','Lego',220.00,360.00,18,'Lego Star wars',16),
		('LO703TI','TieInterceptor','LogicGames','Lego',45.00,82.00,12,'Lego Star wars',80),
		('LO704RI','Rivendell','LogicGames','Lego',450.00,610.00,18,'Lego Lord of the Rings',3),
		('LO705ST','Stitch','LogicGames','Lego',30.00,45.00,12,'Lego Disney',5),
		('LO806FL','Flowers','LogicGames','Ravensburger',30.00,45.00,12,'',10),
		('LO807CA','CatAndDog','LogicGames','Ravensburger',30.00,45.00,12,'',0),
		('LO808RO','Rome','LogicGames','Ravensburger',30.00,45.00,12,'',14),
		('LO809RI','RiverInTheWoods','LogicGames','Ravensburger',30.00,45.00,12,'',30),
		('LO910RU','RubickCube','LogicGames','Logik',30.00,45.00,8,'',65),
		('BO101SH','Shogun','BoardGames','ALexPlace',72.00,85.00,16,'',8),
		('BO102CA','Catan','BoardGames','ALexPlace',22.00,28.00,16,'',5),
		('BO103AZ','Azul','BoardGames','ALexPlace',13.00,16.00,12,'',3),
		('BO104CA','Carcassonne','BoardGames','ALexPlace',13.00,16.00,12,'',20),
		('BO105AZ','Azul','BoardGames','ALexPlace',22.00,28.00,12,'',3),
		('BO106RI','Risiko','BoardGames','ALexPlace',8.00,12.00,12,'',0),
		('BO107SE','SevenWonders','BoardGames','ALexPlace',32.00,42.00,14,'',5),
		('BO108AG','AgeOfEmpires','BoardGames','ALexPlace',32.00,42.00,14,'',2)
;

INSERT INTO DimRegions
    VALUES
		(1,'Chieti','Abruzzo','Italy','Euro'),
		(2,'Pescara','Abruzzo','Italy','Euro'),
		(3,'Potenza','Basilicata','Italy','Euro'),
		(4,'Matera','Basilicata','Italy','Euro'),
		(5,'Cosenza','Calabria','Italy','Euro'),
		(6,'ReggioCalabria','Calabria','Italy','Euro'),
		(7,'Napoli','Campania','Italy','Euro'),
		(8,'Salerno','Campania','Italy','Euro'),
		(9,'Imola','EmiliaRomagna','Italy','Euro'),
		(10,'MisanoAdriatico','EmiliaRomagna','Italy','Euro'),
		(11,'Bologna','EmiliaRomagna','Italy','Euro'),
		(12,'Udine','FriuliVeneziaGiulia','Italy','Euro'),
		(13,'Pordeneone','FriuliVeneziaGiulia','Italy','Euro'),
		(14,'Roma','Lazio','Italy','Euro'),
		(15,'Varazze','Liguria','Italy','Euro'),
		(16,'Genova','Liguria','Italy','Euro'),
		(17,'Milano','Lombardia','Italy','Euro'),
		(18,'Bergamo','Lombardia','Italy','Euro'),
		(19,'Fermo','Marche','Italy','Euro'),
		(20,'Urbino','Marche','Italy','Euro'),
		(21,'isernia','Molise','Italy','Euro'),
		(22,'Torino','Piemonte','Italy','Euro'),
		(23,'Alessandria','Piemonte','Italy','Euro'),
		(24,'Bari','Puglia','Italy','Euro'),
		(25,'Alghero','Sardegna','Italy','Euro'),
		(26,'Palermo','Sicilia','Italy','Euro'),
		(27,'messina','Sicilia','Italy','Euro'),
		(28,'PoggiBonsi','Toscana','Italy','Euro'),
		(29,'Lucca','Toscana','Italy','Euro'),
		(30,'Bolzano','TrentinoAltoAdige','Italy','Euro'),
		(31,'Trento','TrentinoAltoAdige','Italy','Euro'),
		(32,'Terni','Umbria','Italy','Euro'),
		(33,'Courmayeur','ValleDAosta','Italy','Euro'),
		(34,'SaintClaude','Borgogne','France','Euro'),
		(35,'Paris','IleDeFrance','France','Euro'),
		(36,'Touques','Normandie','France','Euro'),
		(37,'London','Enlgand','Great Britain','Pound'),
		(38,'Edinburgh','Scotland','Great Britain','Pound'),
		(39,'Berlin','Brandenburg','Germany','Euro'),
		(40,'Munchen','Bayern','Germany','Euro'),
        (41,'SanFancisco','California','USA','Dollar'),
        (42,'Albany','NewYork','USA','Dollar'),
        (43,'Houston','texas','USA','Dollar'),
        (44,'Brisbane','Queensland','Australia','AustralianDollar'),
        (45,'Sidney','NewSouthWales','Australia','AustralianDollar'),
		(46,'Canberra','','Australia','AustralianDollar');

INSERT INTO FactSales
	(OrderDate,ShipDate,OrderQuantity,ProductID,RegionID)
    VALUES
		('2023-12-02','2023-12-06',5,'VE308ST',6),
		('2023-06-03','2023-06-07',2,'ST411IM',40),
		('2023-11-04','2023-11-08',6,'BO101SH',12),
		('2023-11-05','2023-11-09',1, 'LO705ST',16),
		('2023-05-06','2023-05-10',2,'SP208RO',1),
		('2024-04-02','2023-04-06',6,'VE213FE',22),
		('2024-03-08','2023-03-11',5,'VE201TR',43),
		('2023-11-09','2023-11-25',1,'ST302WH',41),
		('2024-01-01','2023-01-22',1,'VE310AM',31),
		('2023-05-02','2023-05-06',2, 'ST522GI',1),
		('2023-11-03','2023-11-07',5, 'LO705ST',32),
		('2023-03-04','2023-04-08',1,'BO107SE',11),
		('2023-12-05','2023-12-09',3,'ST411IM',39),
		('2024-02-06','2023-02-10',4,'ST901VE',7),
		('2023-06-02','2023-06-06',8,'BO107SE',35),
		('2023-07-08','2023-07-11',5,'ST215FR',21),
		('2023-01-09','2023-01-25',1, 'ST216LA',8),
		('2023-08-01','2023-09-22',2,'ST215FR',26),
		('2023-12-05','2023-12-23',1,'ST411IM',38),
		('2023-06-09','2023-06-11',6,'BO101SH',41),
		('2023-11-25','2023-11-30',1,'ST207BL',13),
		('2023-11-04','2023-11-29',2,'VE201RE',17),
		('2023-05-12','2023-05-15',5,'ST214HA',4),
		('2024-04-22','2023-04-26',5,'SP103RU',23),
		('2024-03-03','2023-03-12',8,'ST216LA',36),
		('2023-11-13','2023-11-27',4,'ST901VE',25),
		('2024-01-08','2023-01-31',1,'ST218GE',14),
		('2023-05-06','2023-05-17',2,'VE204BL',9),
		('2023-11-18','2023-11-26',2,'ST101BR',15),
		('2024-03-19','2023-04-23',5,'ST208OR',8),
		('2023-12-20','2023-12-28',5,'ST411IM',33),
		('2023-02-05','2023-02-10',5,'SP208RO',23),
		('2023-06-08','2023-06-11',5,'ST209WH',36),
		('2023-07-15','2023-07-17',15,'VE311FI',19),
		('2024-01-19','2023-01-25',15,'VE311FI',17),
		('2023-08-16','2023-09-02',15,'VE308ST',2),
		('2023-11-02','2023-11-08',1,'LO705ST',9),
		('2023-05-19','2023-05-29',1,'ST215FR',10),
		('2024-02-27','2023-03-31',1,'ST303SN',13),
		('2023-12-14','2023-12-17',15,'VE213FE',15),
		('2023-04-08','2023-04-10',18,'ST302WH',17),
		('2024-02-02','2023-02-27',18,'SP209IC',21),
		('2024-03-29','2023-04-11',2,'ST208OR',25),
		('2023-08-20','2023-08-26',1,'ST901VE',4),
		('2024-01-11','2023-01-28',20,'BO103AZ',19),
		('2023-09-06','2023-09-27',20,'ST411IM',11),
		('2023-10-16','2023-10-18',50,'ST208OR',22),
		('2023-06-07','2023-06-18',12,'ST217GO',28),
		('2023-07-25','2023-08-04',3,'ST210GR',30),
		('2024-02-06','2023-02-11',2,'BO103AZ',33),
		('2023-06-21','2023-06-30',1,'ST101BR',36),
		('2023-07-08','2023-07-19',9,'MU005GU',28),
		('2023-01-09','2023-01-15',4,'BO103AZ',38),
		('2023-08-22','2023-09-07',5,'VE311FI',40),
		('2023-12-05','2023-12-13',7,'VE311FI',30),
		('2023-06-09','2023-06-11',2,'SP209IC',6),
		('2023-11-11','2023-11-14',8,'ST214HA',17),
		('2023-10-21','2023-10-31',1,'LO705ST',19),
		('2023-08-18','2023-08-29',1,'MU005GU',21),
		('2024-02-19','2023-02-23',1,'ST901VE',27),
		('2023-06-14','2023-06-22',2,'ST901VE',36),
		('2023-12-02','2023-12-09',2,'DO602BA',37),
		('2023-04-13','2023-04-16',2,'ST208OR',10),
		('2023-09-12','2023-09-17',3,'ST216LA',8),
		('2023-10-26','2023-11-16',3,'SP103RU',2),
		('2024-02-09','2023-02-13',4,'ST210GR',34),
		('2023-12-10','2023-12-18',4,'SP103RU',31),
		('2023-07-01','2023-07-10',4,'VE206MO',25),
		('2023-08-08','2023-08-12',5,'SP208RO',37),
		('2023-04-05','2023-04-17',5,'LO705ST',18),
		('2024-01-19','2023-01-21',6,'ST207BL',14),
		('2023-05-26','2023-04-02',6,'ST208OR',7),
		('2023-10-01','2023-10-21',5,'ST217GO',46),
		('2023-07-06','2023-07-09',2,'ST411IM',45),
		('2023-03-21','2023-04-01',6,'ST522GI',44),
		('2023-10-31','2023-11-09',1, 'ST210GR',42),
		('2023-09-07','2023-09-13',2,'ST215FR',29),
		('2024-01-08','2023-01-11',6,'MU006DR',32),
		('2024-02-013','2023-02-25',5,'VE311FI',20),
		('2023-12-09','2024-01-15',1,'ST302WH',3),
		('2024-04-25','2023-04-29',1,'SP208RO',10),
		('2023-01-02','2023-01-16',2,'ST209WH',46),
		('2023-12-03','2023-12-07',5,'ST524EL',45),
		('2023-04-04','2023-04-08',1,'ST209WH',44),
		('2023-10-05','2023-10-09',3,'ST210GR',42),
		('2024-01-26','2023-02-10',4,'ST901VE',3),
		('2023-06-12','2023-06-26',8,'ST209WH',20),
		('2023-07-18','2023-07-21',5,'VE204BL',29),
		('2023-08-09','2023-09-05',1,'ST210GR',32),
		('2023-08-01','2023-08-22',2,'SP209IC',34),
		('2023-10-05','2023-10-23',1,'ST411IM',12),
		('2023-05-29','2023-06-11',6,'ST214HA',3),
		('2023-01-25','2023-02-03',1,'ST207BL',25),
		('2023-11-04','2023-11-09',4,'VE201RE',44),
		('2023-06-12','2023-06-15',5,'SP209IC',16),
		('2024-03-22','2023-03-26',5,'SP209IC',14),
		('2024-06-03','2023-06-12',8,'ST216LA',35),
		('2023-07-13','2023-07-27',4,'ST901VE',42),
		('2024-01-08','2023-01-31',1,'VE309LI',29),
		('2023-03-06','2023-03-17',2,'VE204BL',42),
		('2023-10-18','2023-10-26',2,'ST101BR',44),
		('2024-04-19','2023-04-23',5,'VE213FE',3),
		('2023-12-20','2023-12-28',5,'ST411IM',20),
		('2023-02-11','2023-02-18',5,'ST217GO',21),
		('2023-06-28','2023-07-11',5,'BO103AZ',12),
		('2023-07-25','2023-08-17',15,'ST215FR',11),
		('2024-01-31','2023-02-05',15,'VE203OR',10),
		('2023-06-26','2023-07-02',15,'ST525LI',1),
		('2023-10-02','2023-10-08',1,'LO705ST',2),
		('2023-04-29','2023-05-09',1,'VE204BL',36),
		('2024-02-17','2023-02-21',1,'ST303SN',7),
		('2023-12-24','2024-01-17',15,'ST522GI',17),
		('2023-03-08','2023-03-10',18,'ST210GR',8),
		('2024-01-02','2023-01-27',18,'ST101BR',18),
		('2024-03-18','2023-03-23',2,'ST215FR',9),
		('2023-03-20','2023-03-26',1,'BO102CA',4),
		('2023-09-11','2023-09-28',20,'BO104CA',19),
		('2023-04-06','2023-04-27',20,'BO105AZ',11),
		('2023-12-16','2023-12-18',50,'BO106RI',22),
		('2023-05-07','2023-05-18',12,'DO601BA',28),
		('2023-08-25','2023-09-04',3,'DO603BA',30),
		('2024-03-06','2023-03-11',2,'VE308ST',33),
		('2023-07-21','2023-07-30',1,'LO701MI',36),
		('2023-01-08','2023-01-19',9,'LO702DA',28),
		('2023-02-09','2023-02-15',4,'LO704RI',38),
		('2023-10-22','2023-11-07',5,'LO809RI',40),
		('2023-02-05','2023-02-13',7,'LO910RU',30),
		('2023-04-09','2023-04-11',2,'MU001TR',6),
		('2023-05-11','2023-05-14',8,'MU002FL',17),
		('2023-07-21','2023-07-31',1,'MU003CL',19),
		('2023-09-18','2023-09-29',1,'ST526LE',21),
		('2023-11-19','2023-11-23',1,'SP104GO',27),
		('2023-03-14','2023-03-22',2,'SP205TE',36),
		('2023-10-02','2023-10-09',2,'SP206HU',37),
		('2023-02-13','2023-02-16',2,'SP207SK',10),
		('2023-08-12','2023-08-17',3,'SP208RO',10),
		('2023-11-26','2023-12-16',3,'SP209IC',3),
		('2024-01-09','2023-01-13',4,'ST104BR',20);
        
 INSERT INTO FactSales
	(OrderDate,ShipDate,OrderQuantity,ProductID,RegionID)
    VALUES      
		('2023-10-10','2023-10-18',4,'ST209WH',32),
		('2023-09-01','2023-09-10',4,'VE310AM',29),
		('2023-05-08','2023-05-12',5,'ST209WH',42),
		('2023-03-05','2023-03-17',5,'ST210GR',44),
		('2024-02-19','2023-02-21',6,'ST214HA',45),
		('2023-09-26','2023-10-02',6,'ST215FR',46),
		('2023-12-12','2023-12-22',5,'ST217GO',7),
		('2023-06-09','2023-06-21',2,'ST411IM',46),
		('2023-11-24','2023-11-30',6,'BO101SH',8),
		('2023-11-15','2023-11-19',1, 'LO705ST',42),
		('2023-05-26','2023-06-10',2,'SP208RO',22),
		('2023-04-22','2023-04-26',6,'MU006DR',31),
		('2024-03-28','2023-04-01',5,'ST215FR',3),
		('2023-11-29','2023-12-05',1,'ST522GI',11),
		('2023-01-29','2023-02-22',1,'MU007XY',37),
		('2023-05-22','2023-05-06',2, 'ST217GO',16),
		('2023-11-13','2023-11-17',5, 'ST527CR',19),
		('2023-03-24','2023-04-28',1,'BO107SE',32),
		('2023-12-25','2024-01-09',3,'ST411IM',27),
		('2024-02-26','2023-03-01',4,'ST901VE',44),
		('2023-06-22','2023-06-27',8,'VE201TR',38),
		('2023-07-18','2023-07-21',5,'ST215FR',23),
		('2023-01-19','2023-01-25',1, 'ST216LA',9),
		('2023-08-23','2023-09-29',2,'ST215FR',10),
		('2023-12-31','2024-01-13',1,'ST411IM',40),
		('2023-06-28','2023-07-03',6,'BO101SH',39),
		('2023-11-05','2023-11-12',1,'MU006DR',11),
		('2023-11-24','2023-11-29',2,'VE201RE',18),     
		('2023-05-02','2023-05-05',5,'ST214HA',5),
		('2024-04-03','2023-04-06',5,'SP103RU',6),
		('2024-03-23','2023-03-28',8,'VE203OR',39),
		('2023-11-24','2023-11-27',4,'ST901VE',2),
		('2024-01-28','2023-02-03',1,'BO107SE',15),
		('2023-05-17','2023-05-19',2,'VE204BL',10),
		('2023-11-18','2023-11-27',2,'ST101BR',46),
		('2024-03-19','2023-04-23',5,'ST208OR',26),
		('2023-12-30','2024-01-08',5,'ST411IM',32),
		('2023-02-14','2023-02-24',5,'SP208RO',19),
		('2023-06-18','2023-06-21',5,'ST209WH',45),
		('2023-07-07','2023-07-12',15,'VE311FI',9),
		('2024-01-05','2023-01-15',15,'VE311FI',7),
		('2023-08-26','2023-09-03',15,'VE204BL',32),
		('2023-11-05','2023-11-08',1,'LO705ST',29),
		('2023-05-29','2023-06-05',1,'ST215FR',18),
		('2024-04-16','2023-04-21',1,'ST303SN',12),
		('2024-01-14','2024-01-17',15,'BO108AG',19),
		('2024-04-08','2024-04-10',18,'ST302WH',11),
		('2024-02-24','2023-02-27',18,'SP209IC',28),
		('2024-03-19','2023-04-21',2,'ST527CR',20),
		('2024-03-20','2024-03-26',1,'ST522GI',40),
		('2024-04-11','2023-04-28',20,'BO103AZ',39),
		('2024-02-06','2024-02-27',20,'ST411IM',10),
		('2024-01-16','2024-01-18',50,'ST208OR',32),
		('2023-06-17','2023-06-28',12,'VE213FE',38),
		('2023-07-15','2023-08-14',3,'ST210GR',20),
		('2024-02-06','2023-02-21',2,'BO103AZ',23),
		('2023-06-11','2023-06-30',1,'ST101BR',46),      
		('2023-07-04','2023-07-29',9,'MU005GU',38),
		('2023-01-19','2023-01-31',4,'BO103AZ',18),
		('2023-08-22','2023-08-27',5,'VE311FI',20),
		('2023-12-05','2023-12-23',7,'VE311FI',40),
		('2023-06-09','2023-06-21',2,'SP209IC',8),
		('2023-11-21','2023-12-04',8,'ST214HA',27),
		('2023-10-04','2023-10-08',1,'LO705ST',29),
		('2023-08-28','2023-09-04',1,'MU005GU',31),
		('2024-02-12','2023-02-23',1,'ST901VE',7),
		('2023-06-24','2023-07-02',2,'ST901VE',6),
		('2023-12-01','2023-12-08',2,'DO602BA',27),
		('2023-04-23','2023-04-27',2,'ST208OR',40),
		('2023-09-02','2023-09-07',3,'ST216LA',18),
		('2023-10-03','2023-11-06',3,'SP103RU',12),
		('2024-02-10','2023-02-13',4,'ST210GR',24),
		('2023-12-20','2023-12-28',4,'SP103RU',21),
		('2023-06-01','2023-06-10',4,'ST216LA',35),
		('2023-08-28','2023-09-02',5,'SP208RO',27),
		('2023-04-25','2023-05-03',5,'LO705ST',8),
		('2024-01-09','2023-01-11',6,'ST207BL',4),
		('2023-05-06','2023-04-09',6,'ST208OR',17),
		('2023-10-14','2023-10-23',5,'ST217GO',36),
		('2023-07-08','2023-07-14',2,'ST411IM',25),
		('2023-03-16','2023-04-22',6,'BO101SH',14),
		('2023-10-11','2023-11-16',1, 'ST522GI',42),
		('2023-09-09','2023-09-13',2,'ST215FR',39),
		('2024-01-17','2023-01-22',6,'MU006DR',22),
		('2024-02-23','2023-03-02',5,'VE311FI',10),
		('2023-12-06','2024-01-08',1,'VE310AM',8),
		('2024-04-18','2023-04-25',1,'VE308ST',40),
		('2023-01-04','2023-01-18',2,'ST209WH',46),
		('2023-12-17','2023-12-23',5,'LO705ST',25),
		('2023-04-12','2023-04-17',1,'ST209WH',4),
		('2023-10-24','2023-10-29',3,'ST210GR',12),
		('2024-01-03','2023-02-09',4,'ST901VE',13),
		('2023-06-02','2023-06-07',8,'ST209WH',30),
		('2023-07-08','2023-07-11',5,'VE204BL',38),
		('2023-01-09','2023-01-15',1,'ST903TR',2),
		('2023-08-11','2023-08-22',2,'SP209IC',24),
		('2023-10-29','2023-10-31',1,'ST411IM',32),
		('2023-05-19','2023-06-22',6,'ST214HA',3),
		('2023-01-15','2023-02-23',1,'ST207BL',45),
		('2023-11-14','2023-11-19',6,'VE201RE',34),
		('2023-06-22','2023-06-25',5,'SP209IC',46),
		('2024-03-07','2023-03-10',5,'SP209IC',4),
		('2024-06-23','2023-06-27',8,'ST216LA',45),
		('2023-07-03','2023-07-07',4,'ST901VE',2),
		('2024-01-18','2023-01-21',1,'ST209WH',39),
		('2023-03-02','2023-03-07',2,'VE204BL',32),
		('2023-10-07','2023-10-16',2,'ST101BR',14),
		('2024-04-09','2023-04-13',5,'ST214HA',30),
		('2023-12-27','2024-01-06',5,'ST411IM',2),
		('2023-02-23','2023-02-27',5,'ST217GO',23),
		('2023-06-18','2023-07-24',5,'ST902BR',16),
		('2023-07-05','2023-08-07',15,'ST215FR',17),
		('2024-01-21','2023-01-25',15,'VE311FI',18),
		('2023-06-26','2023-07-3',15,'VE204BL',19),
		('2023-10-22','2023-10-28',1,'LO705ST',27),
		('2023-04-09','2023-04-13',1,'VE204BL',35),
		('2024-02-17','2023-02-21',1,'ST303SN',37),
		('2023-12-04','2024-01-07',15,'BO108AG',17),
		('2023-03-18','2023-03-21',18,'ST210GR',6),
		('2024-01-12','2023-01-16',18,'ST101BR',8),
		('2024-03-17','2023-03-23',2,'ST215FR',19),
		('2023-03-10','2023-03-16',1,'BO102CA',44),
		('2023-09-04','2023-09-08',20,'BO104CA',29),
		('2023-04-26','2023-05-03',20,'ST903TR',1),
		('2023-12-26','2024-01-08',50,'BO106RI',23),
		('2023-05-27','2023-06-08',12,'DO601BA',32),
		('2023-08-05','2023-08-07',3,'DO603BA',31),
		('2024-03-08','2023-03-12',2,'DO604BA',23),
		('2023-07-02','2023-07-07',1,'LO701MI',16),
		('2023-01-18','2023-01-21',9,'LO702DA',26),
		('2023-02-19','2023-02-25',4,'LO704RI',18),
		('2023-10-21','2023-10-27',5,'LO809RI',30),
		('2023-02-25','2023-02-28',7,'LO910RU',20),
		('2023-04-30','2023-05-03',2,'MU001TR',7),
		('2023-05-04','2023-05-14',8,'MU002FL',8),
		('2023-07-01','2023-07-07',1,'MU003CL',9),
		('2023-09-08','2023-09-9',1,'MU004PI',11),
		('2023-11-02','2023-11-13',1,'SP104GO',17),
		('2023-03-24','2023-03-29',2,'ST522GI',26),
		('2023-10-22','2023-10-29',2,'SP206HU',27),
		('2023-02-03','2023-02-06',2,'SP207SK',30),
		('2023-08-22','2023-08-27',3,'SP208RO',40),
		('2023-11-26','2023-12-06',3,'SP209IC',33),
		('2024-01-29','2023-02-03',4,'ST104BR',39),
		('2023-10-20','2023-10-28',4,'ST209WH',38),
		('2023-09-21','2023-09-30',4,'VE309LI',39),
		('2023-05-28','2023-06-02',5,'ST209WH',37),
		('2023-03-25','2023-03-27',5,'ST210GR',36),
		('2024-02-29','2023-03-01',6,'VE213FE',44),
		('2023-09-06','2023-10-12',6,'ST215FR',46)
;

						   