-- Magazzino
INSERT INTO Magazzino (IdMagazzino, IndirizzoMagazzino) VALUES
(1, 'Via Roma, 1'),
(2, 'Piazza Garibaldi, 15'),
(3, 'Corso Italia, 8'),
(4, 'Via Verdi, 23'),
(5, 'Piazza Dante, 10');

-- Categoria
INSERT INTO Categoria (IdCategoria, NomeCategoria) VALUES
(1, 'Elettronica'),
(2, 'Abbigliamento'),
(3, 'Casa e Giardino'),
(4, 'Sport e Tempo libero'),
(5, 'Alimentari'),
(6, 'Salute e Bellezza'),
(7, 'Gioielli'),
(8, 'Auto e Moto'),
(9, 'Libri e Film'),
(10, 'Giocattoli e Bambini');

-- SogliaRestock
INSERT INTO SogliaRestock (IdMagazzino, IdCategoria, Soglia) VALUES
(1, 1, 20),
(1, 2, 30),
(1, 3, 25),
(1, 4, 15),
(1, 5, 40),
(1, 6, 35),
(1, 7, 45),
(1, 8, 10),
(1, 9, 50),
(1, 10, 5),
(2, 1, 20),
(2, 2, 30),
(2, 3, 25),
(2, 4, 15),
(2, 5, 40),
(2, 6, 35),
(2, 7, 10),
(2, 8, 20),
(2, 9, 25),
(2, 10, 30),
(3, 1, 15),
(3, 2, 20),
(3, 3, 25),
(3, 4, 35),
(3, 5, 10),
(3, 6, 30),
(3, 7, 40),
(3, 8, 25),
(3, 9, 35),
(3, 10, 20),
(4, 6, 20),
(4, 7, 15),
(4, 8, 30),
(4, 9, 40),
(4, 10, 20),
(4, 5, 25),
(4, 4, 35),
(4, 3, 10),
(4, 2, 30),
(4, 1, 15),
(5, 1, 20),
(5, 2, 15),
(5, 3, 10),
(5, 4, 30),
(5, 5, 25),
(5, 6, 35),
(5, 7, 40),
(5, 8, 20),
(5, 9, 25),
(5, 10, 30);


-- Prodotto
INSERT INTO Prodotto (IdProdotto, NomeProdotto, IdCategoria) VALUES
(1, 'Maglia a righe', 2),
(2, 'Jeans strappati', 2),
(3, 'Scarpe da ginnastica', 4),
(4, 'Orologio digitale', 7),
(5, 'Borsa a tracolla', 7),
(6, 'Cuffie senza fili', 6),
(7, 'Portafoglio in pelle', 7),
(8, 'T-shirt stampata', 2),
(9, 'Pantaloni chino', 2),
(10, 'Stivali invernali', 4),
(11, 'Occhiali da sole', 7),
(12, 'Zaino sportivo', 7),
(13, 'Altoparlante Bluetooth', 4),
(14, 'Cintura di cuoio', 7),
(15, 'Giacca di pelle', 2),
(16, 'Gonna plissettata', 2),
(17, 'Sandali estivi', 4),
(18, 'Orologio analogico', 7),
(19, 'Borsa a mano elegante', 7),
(20, 'Microfono professionale', 4),
(21, 'Smartphone', 1),
(22, 'Gilet imbottito', 2),
(23, 'Set da giardinaggio', 3),
(24, 'Palla da calcio', 4),
(25, 'Cereali integrali', 5),
(26, 'Crema idratante viso', 6),
(27, 'Anello in argento', 7),
(28, 'Olio motore sintetico', 8),
(29, 'Romanzo bestseller', 9),
(30, 'Set di costruzioni Lego', 10),
(31, 'Laptop ultraleggero', 1),
(32, 'Cappotto invernale', 2),
(33, 'Tenda da campeggio', 3),
(34, 'Palla da basket', 4),
(35, 'Frutta fresca assortita', 5),
(36, 'Maschera per capelli', 6),
(37, 'Collana di perle', 7),
(38, 'Navigatore satellitare', 8),
(39, 'Guida turistica della città', 9),
(40, 'Set di giocattoli educativi', 10),
(41, 'Tablet Android', 1),
(42, 'Giacca a vento', 2),
(43, 'Vaso decorativo', 3),
(44, 'Racchetta da tennis', 4),
(45, 'Prodotti lattiero-caseari', 5),
(46, 'Crema solare SPF 50', 6),
(47, 'Orecchini pendenti', 7),
(48, 'Pneumatici estivi', 8),
(49, 'Biografia di un personaggio storico', 9),
(50, 'Puzzle per bambini', 10),
(51, 'Televisore 4K', 1),
(52, 'Maglione in cashmere', 2),
(53, 'Set da barbecue', 3),
(54, 'Palla da rugby', 4),
(55, 'Vino rosso pregiato', 5),
(56, 'Shampoo rigenerante', 6),
(57, 'Bracciale in oro', 7),
(58, 'Cambio automatico', 8),
(59, 'Guida al cinema mondiale', 9),
(60, 'Set di animali da fattoria giocattolo', 10);

-- Negozio
INSERT INTO Negozio (IdNegozio, IndirizzoNegozio, NomeNegozio) VALUES
(1, 'Via Roma 1', 'Il Mondo Incantato'),
(2, 'Via Garibaldi 5', 'Arcadia Fashion'),
(3, 'Corso Vittorio Emanuele 12', 'CyberSphere Tech'),
(4, 'Piazza San Marco 3', 'Dreamy Home'),
(5, 'Via Milano 8', 'Gastronomic Wonderland'),
(6, 'Corso Umberto I 20', 'Craftopia Gallery'),
(7, 'Via Dante Alighieri 15', 'Wise Words Bookstore'),
(8, 'Piazza Duomo 7', 'Harmony Melodies'),
(9, 'Via Firenze 22', 'Natures Bounty Emporium'),
(10, 'Corso Buenos Aires 30', 'Athletic Odyssey');


-- Inventario
INSERT INTO Inventario (IdMagazzino, IdProdotto, QuantitaGiacenza, InEsaurimento)
VALUES
(1, 1, 138, 0),
(1, 2, 91, 0),
(1, 3, 76, 0),
(1, 4, 54, 0),
(1, 5, 122, 0),
(1, 6, 143, 0),
(1, 7, 67, 0),
(1, 8, 92, 0),
(1, 9, 84, 0),
(1, 10, 56, 0),
(1, 11, 128, 0),
(1, 12, 64, 0),
(1, 13, 57, 0),
(1, 14, 74, 0),
(1, 15, 90, 0),
(1, 16, 143, 0),
(1, 17, 105, 0),
(1, 18, 69, 0),
(1, 19, 125, 0),
(1, 20, 67, 0),
(1, 21, 78, 0),
(1, 22, 125, 0),
(1, 23, 143, 0),
(1, 24, 98, 0),
(1, 25, 115, 0),
(1, 26, 86, 0),
(1, 27, 135, 0),
(1, 28, 111, 0),
(1, 29, 59, 0),
(1, 30, 96, 0),
(1, 31, 80, 0),
(1, 32, 116, 0),
(1, 33, 100, 0),
(1, 34, 131, 0),
(1, 35, 126, 0),
(1, 36, 68, 0),
(1, 37, 89, 0),
(1, 38, 124, 0),
(1, 39, 121, 0),
(1, 40, 92, 0),
(1, 41, 66, 0),
(1, 42, 96, 0),
(1, 43, 135, 0),
(1, 44, 109, 0),
(1, 45, 52, 0),
(1, 46, 105, 0),
(1, 47, 68, 0),
(1, 48, 89, 0),
(1, 49, 112, 0),
(1, 50, 96, 0),
(1, 51, 53, 0),
(1, 52, 110, 0),
(1, 53, 82, 0),
(1, 54, 59, 0),
(1, 55, 93, 0),
(1, 56, 69, 0),
(1, 57, 104, 0),
(1, 58, 143, 0),
(1, 59, 117, 0),
(1, 60, 58, 0),
(2, 1, 78, 0),
(2, 2, 134, 0),
(2, 3, 114, 0),
(2, 4, 139, 0),
(2, 5, 107, 0),
(2, 6, 92, 0),
(2, 7, 51, 0),
(2, 8, 135, 0),
(2, 9, 86, 0),
(2, 10, 53, 0),
(2, 11, 101, 0),
(2, 12, 126, 0),
(2, 13, 66, 0),
(2, 14, 89, 0),
(2, 15, 63, 0),
(2, 16, 89, 0),
(2, 17, 110, 0),
(2, 18, 76, 0),
(2, 19, 74, 0),
(2, 20, 118, 0),
(2, 21, 139, 0),
(2, 22, 111, 0),
(2, 23, 125, 0),
(2, 24, 70, 0),
(2, 25, 135, 0),
(2, 26, 82, 0),
(2, 27, 86, 0),
(2, 28, 119, 0),
(2, 29, 17, 0),
(2, 30, 60, 0),
(2, 31, 70, 0),
(2, 32, 110, 0),
(2, 33, 77, 0),
(2, 34, 6, 1),
(2, 35, 130, 0),
(2, 36, 107, 0),
(2, 37, 140, 0),
(2, 38, 97, 0),
(2, 39, 125, 0),
(2, 40, 4, 0),
(2, 41, 129, 0),
(2, 42, 112, 0),
(2, 43, 141, 0),
(2, 44, 93, 0),
(2, 45, 67, 0),
(2, 46, 131, 0),
(2, 47, 115, 0),
(2, 48, 54, 0),
(2, 49, 106, 0),
(2, 50, 99, 0),
(2, 51, 83, 0),
(2, 52, 144, 0),
(2, 53, 1, 0),
(2, 54, 106, 0),
(2, 55, 105, 0),
(2, 56, 79, 0),
(2, 57, 128, 0),
(2, 58, 102, 0),
(2, 59, 97, 0),
(2, 60, 72, 0),
(3, 1, 138, 0),
(3, 2, 91, 0),
(3, 3, 76, 0),
(3, 4, 54, 0),
(3, 5, 122, 0),
(3, 6, 143, 0),
(3, 7, 67, 0),
(3, 8, 92, 0),
(3, 9, 84, 0),
(3, 10, 56, 0),
(3, 11, 128, 0),
(3, 12, 64, 0),
(3, 13, 57, 0),
(3, 14, 74, 0),
(3, 15, 90, 0),
(3, 16, 143, 0),
(3, 17, 105, 0),
(3, 18, 69, 0),
(3, 19, 125, 0),
(3, 20, 67, 0),
(3, 21, 78, 0),
(3, 22, 125, 0),
(3, 23, 143, 0),
(3, 24, 98, 0),
(3, 25, 115, 0),
(3, 26, 86, 0),
(3, 27, 135, 0),
(3, 28, 111, 0),
(3, 29, 59, 0),
(3, 30, 96, 0),
(3, 31, 80, 0),
(3, 32, 116, 0),
(3, 33, 100, 0),
(3, 34, 131, 0),
(3, 35, 126, 0),
(3, 36, 68, 0),
(3, 37, 89, 0),
(3, 38, 124, 0),
(3, 39, 121, 0),
(3, 40, 92, 0),
(3, 41, 66, 0),
(3, 42, 96, 0),
(3, 43, 135, 0),
(3, 44, 109, 0),
(3, 45, 52, 0),
(3, 46, 105, 0),
(3, 47, 68, 0),
(3, 48, 89, 0),
(3, 49, 112, 0),
(3, 50, 96, 0),
(3, 51, 53, 0),
(3, 52, 110, 0),
(3, 53, 82, 0),
(3, 54, 59, 0),
(3, 55, 93, 0),
(3, 56, 69, 0),
(3, 57, 104, 0),
(3, 58, 143, 0),
(3, 59, 117, 0),
(3, 60, 58, 0),
(4, 1, 138, 0),
(4, 2, 91, 0),
(4, 3, 76, 0),
(4, 4, 54, 0),
(4, 5, 122, 0),
(4, 6, 143, 0),
(4, 7, 67, 0),
(4, 8, 92, 0),
(4, 9, 84, 0),
(4, 10, 56, 0),
(4, 11, 128, 0),
(4, 12, 64, 0),
(4, 13, 57, 0),
(4, 14, 74, 0),
(4, 15, 90, 0),
(4, 16, 143, 0),
(4, 17, 105, 0),
(4, 18, 69, 0),
(4, 19, 125, 0),
(4, 20, 67, 0),
(4, 21, 78, 0),
(4, 22, 125, 0),
(4, 23, 143, 0),
(4, 24, 98, 0),
(4, 25, 115, 0),
(4, 26, 86, 0),
(4, 27, 135, 0),
(4, 28, 111, 0),
(4, 29, 59, 0),
(4, 30, 96, 0),
(4, 31, 80, 0),
(4, 32, 116, 0),
(4, 33, 100, 0),
(4, 34, 131, 0),
(4, 35, 126, 0),
(4, 36, 68, 0),
(4, 37, 89, 0),
(4, 38, 124, 0),
(4, 39, 121, 0),
(4, 40, 92, 0),
(4, 41, 66, 0),
(4, 42, 96, 0),
(4, 43, 135, 0),
(4, 44, 109, 0),
(4, 45, 52, 0),
(4, 46, 105, 0),
(4, 47, 68, 0),
(4, 48, 89, 0),
(4, 49, 112, 0),
(4, 50, 96, 0),
(4, 51, 53, 0),
(4, 52, 110, 0),
(4, 53, 82, 0),
(4, 54, 59, 0),
(4, 55, 93, 0),
(4, 56, 69, 0),
(4, 57, 104, 0),
(4, 58, 143, 0),
(4, 59, 117, 0),
(4, 60, 58, 0),
(5, 1, 138, 0),
(5, 2, 91, 0),
(5, 3, 76, 0),
(5, 4, 54, 0),
(5, 5, 122, 0),
(5, 6, 143, 0),
(5, 7, 67, 0),
(5, 8, 92, 0),
(5, 9, 84, 0),
(5, 10, 56, 0),
(5, 11, 128, 0),
(5, 12, 64, 0),
(5, 13, 57, 0),
(5, 14, 4, 1),
(5, 15, 90, 0),
(5, 16, 143, 0),
(5, 17, 105, 0),
(5, 18, 69, 0),
(5, 19, 125, 0),
(5, 20, 67, 0),
(5, 21, 78, 0),
(5, 22, 125, 0),
(5, 23, 143, 0),
(5, 24, 98, 0),
(5, 25, 115, 0),
(5, 26, 86, 0),
(5, 27, 135, 0),
(5, 28, 111, 0),
(5, 29, 59, 0),
(5, 30, 96, 0),
(5, 31, 80, 0),
(5, 32, 116, 0),
(5, 33, 100, 0),
(5, 34, 131, 0),
(5, 35, 126, 0),
(5, 36, 68, 0),
(5, 37, 89, 0),
(5, 38, 124, 0),
(5, 39, 121, 0),
(5, 40, 92, 0),
(5, 41, 66, 0),
(5, 42, 6, 1),
(5, 43, 135, 0),
(5, 44, 109, 0),
(5, 45, 12, 0),
(5, 46, 105, 0),
(5, 47, 68, 0),
(5, 48, 89, 0),
(5, 49, 112, 0),
(5, 50, 96, 0),
(5, 51, 53, 0),
(5, 52, 110, 0),
(5, 53, 82, 0),
(5, 54, 59, 0),
(5, 55, 93, 0),
(5, 56, 69, 0),
(5, 57, 104, 0),
(5, 58, 3, 1),
(5, 59, 7, 1),
(5, 60, 58, 0);

-- Transazione
INSERT INTO Transazione (IdTransazione, DataTransazione, QuantitaVenduta, IdNegozio, IdProdotto, idMagazzino)
VALUES
(null, '2024-04-01', 10, 1, 1, 1);


